{
    "target": {
        "name": "TOI-3492.01",
        "tic_id": 81077799,
        "ra": null,
        "dec": null
    },
    "stellar": {
        "teff": 6332.0,
        "teff_err": 133.626,
        "logg": 3.7075,
        "logg_err": 0.0835077,
        "feh": 0.0,
        "feh_err": 0.15,
        "r_star": 2.59262,
        "r_star_err": 0.109417,
        "m_star": 1.25,
        "m_star_err": 0.186312,
        "rho_star": 0.07172877471177881,
        "rho_star_err": 0.014027664556452315,
        "tmag": 8.4504
    },
    "limb_darkening": {
        "u1": 0.3925013818503057,
        "u1_err": 0.0015668444968527607,
        "u2": 0.1500664248656528,
        "u2_err": 0.0019054677673518363,
        "law": "quadratic",
        "source": "ExoMol LDTk (Claret 2016/2017 PHOENIX models, TESS bandpass)"
    },
    "transit": {
        "status": "current_corrected_120s",
        "source": "Corrected 120s SPOC reference light curve; official ephemeris fixed; circular model",
        "period": 9.2224171,
        "period_err": 9.8e-06,
        "t0": 2314.5211550001986,
        "t0_err": 0.000615,
        "rp_rs": 0.056279747243091996,
        "rp_rs_err": 0.0004608124302725447,
        "a_rs": 9.208532086888368,
        "a_rs_err": 0.2902198813339538,
        "impact_parameter": 0.7888995806797039,
        "impact_parameter_err": 0.01584326294822269,
        "inc": 85.08541746005521,
        "inc_err": 0.24832239146540758,
        "ecc": 0.0,
        "ecc_err": 0.0,
        "omega": 90.0,
        "omega_err": 0.0,
        "depth_ppm": 3167.409949746321,
        "duration_hrs": 5.39913747666561,
        "rp_earth": 15.918999014244722,
        "rp_earth_err": 0.6843607472013455
    },
    "files": {
        "reference_120s_csv": "toi3492_120s_reference.csv",
        "flat_chain_120s_npy": "toi3492_chains_120s_corrected.npy",
        "raw_chain_120s_npy": "toi3492_raw_chain_120s_corrected.npy",
        "mcmc_diagnostics_120s_json": "mcmc_diagnostics_120s_corrected.json"
    },
    "pipeline_status": {
        "stellar_params": true,
        "transit_modeling": true,
        "ttv_analysis": true,
        "stellar_activity": true,
        "false_positive": true
    },
    "transit_corrected_120s": {
        "source": "Corrected 120s SPOC reference light curve; official ephemeris fixed; circular model",
        "period": 9.2224171,
        "t0": 2314.5211550001986,
        "rp_rs": 0.056279747243091996,
        "rp_rs_err": 0.0004608124302725447,
        "a_rs": 9.208532086888368,
        "a_rs_err": 0.2902198813339538,
        "impact_parameter": 0.7888995806797039,
        "impact_parameter_err": 0.01584326294822269,
        "inc": 85.08541746005521,
        "inc_err": 0.24832239146540758,
        "depth_ppm": 3167.409949746321,
        "duration_hrs": 5.39913747666561,
        "rp_earth": 15.918999014244722,
        "rp_earth_err": 0.6843607472013455,
        "a_au": 0.11102636462035041,
        "luminosity_lsun": 9.735002535382273,
        "incident_flux_earth": 789.7394435796834,
        "teq_k": 1475.471093498929,
        "mcmc_samples": 88000,
        "mcmc_acceptance_fraction": 0.5944100000000001,
        "mcmc_raw_chain_shape": [
            2500,
            40,
            4
        ],
        "mcmc_burnin_steps": 1200,
        "mcmc_production_steps": 2500,
        "mcmc_flat_discard_steps": 300,
        "mcmc_walkers": 40,
        "mcmc_autocorr_time_steps": [
            40.97758556739225,
            43.138730816667625,
            43.77765941861847,
            40.168431615501156
        ],
        "mcmc_steps_per_autocorr_time": [
            61.00896295826089,
            57.95256264317513,
            57.106753380624085,
            62.23792912629529
        ],
        "mcmc_autocorr_reliable_50tau_rule": true,
        "mcmc_autocorr_error": null,
        "a_rs_prior": 7.689511792508893,
        "a_rs_prior_sigma": 0.5012674130738873,
        "jitter_ppm": 120.0
    }
}