{
  "local_corrected_120s": {
    "period_days": 9.2224171,
    "epoch_btjd": 2314.5211550001986,
    "depth_ppm": 3167.409949746321,
    "rp_rs": 0.056279747243091996,
    "rp_earth": 15.918999014244722,
    "duration_hours": 5.39913747666561,
    "impact_parameter": 0.7888995806797039
  },
  "official_toi": {
    "period_days": 9.2224171,
    "period_err_days": 9.8e-06,
    "transit_midpoint_bjd": 2459314.521155,
    "transit_midpoint_btjd": 2314.521155,
    "transit_midpoint_err_days": 0.000615,
    "duration_hours": 5.296858,
    "duration_err_hours": 0.042973,
    "depth_ppm": 3109.7617072,
    "depth_err_ppm": 36.87473,
    "radius_rearth": 15.6527771,
    "radius_err_rearth": 0.6736003,
    "insolation_earth": 1125.057365,
    "equilibrium_temperature_k": 1477.1119659
  },
  "spoc_dv_best_machine_readable": {
    "file": "data\\spoc_dv\\mastDownload\\TESS\\tess2018206190142-s0001-s0096-0000000081077799\\tess2018206190142-s0001-s0096-0000000081077799-01071_dvt.fits",
    "product_label": "S1-S96",
    "product_kind": "multi_sector",
    "sector_start": 1,
    "sector_stop": 96,
    "tce_index": 1,
    "relation_to_official": "official_period",
    "period_days": 9.222408052964024,
    "epoch_btjd": 2314.5217601178183,
    "depth_ppm": 3128.253866513578,
    "duration_hours": 5.273707182240881,
    "ingress_duration_hours": 0.5593209107436028,
    "impact_parameter": 0.7275680471840523,
    "inclination_deg": 85.92884768507363,
    "a_rs": 10.248124812462867,
    "rp_rs": 0.0553418539884639,
    "rp_earth": 15.663727003747654,
    "max_mes": 99.389946,
    "max_ses": 36.4939995,
    "period_delta_days_vs_official": -9.047035975484619e-06,
    "period_ratio_vs_official": 0.9999990190168285
  },
  "interpretation": "SPOC DV products are independent pipeline products. They support the corrected deep-transit scale when their TCE period matches the official TOI ephemeris, but they do not constitute RV confirmation.",
  "deltas_spoc_minus_local": {
    "period_days": -9.047035975484619e-06,
    "epoch_days": 0.0006051176196706365,
    "depth_ppm": -39.156083232743185,
    "duration_hours": -0.12543029442472875,
    "rp_rs": -0.0009378932546280985,
    "rp_earth": -0.2552720104970678
  },
  "relative_deltas_spoc_minus_local": {
    "depth_fraction": -0.012362177253335712,
    "rp_earth_fraction": -0.0160356822855912
  },
  "spoc_dv_best_pdf_dashboard": {
    "file": "data\\spoc_dv\\mastDownload\\TESS\\tess2018206190142-s0001-s0096-0000000081077799\\tess2018206190142-s0001-s0096-0000000081077799-01071_dvr.pdf",
    "product_label": "S1-S96",
    "product_kind": "multi_sector",
    "sector_start": 1,
    "sector_stop": 96,
    "planet_candidate": 1,
    "period_days_rounded": 9.2,
    "period_days_rounded_err": 0.0,
    "depth_ppm_rounded": 3128.0,
    "depth_ppm_rounded_err": 30.0,
    "planet_radius_rearth_rounded": 15.7,
    "planet_radius_rearth_rounded_err": 0.7,
    "stellar_radius_rsun_rounded": null,
    "stellar_radius_rsun_rounded_err": null,
    "semi_major_axis_au_rounded": 0.1,
    "semi_major_axis_au_rounded_err": 0.0,
    "insolation_earth_rounded": 1125.1,
    "insolation_earth_rounded_err": 175.6,
    "equilibrium_temperature_k_rounded": 1477.0,
    "equilibrium_temperature_k_rounded_err": 58.0,
    "chi2_dof": 0.8,
    "snr": 106.0,
    "odd_even_statistic": null,
    "odd_even_significance_percent": null,
    "core_aperture_correlation_statistic": 74.14,
    "core_aperture_correlation_significance_percent": 100.0,
    "halo_aperture_correlation_statistic": 6.87,
    "halo_aperture_correlation_significance_percent": 100.0,
    "core_halo_ratio": 10.79,
    "shorter_period_statistic": null,
    "shorter_period_significance_percent": null,
    "longer_period_statistic": null,
    "longer_period_significance_percent": null,
    "false_alarm_probability": 0.0,
    "transit_count": 159.0,
    "max_mes_pdf": 99.4,
    "joint_ra_offset_arcsec": 0.114,
    "joint_ra_offset_err_arcsec": 2.5,
    "joint_ra_offset_sigma": 0.05,
    "joint_dec_offset_arcsec": 2.24,
    "joint_dec_offset_err_arcsec": 2.5,
    "joint_dec_offset_sigma": 0.9,
    "joint_offset_distance_arcsec": 2.25,
    "joint_offset_distance_err_arcsec": 2.5,
    "joint_offset_distance_sigma": 0.9,
    "multi_sector_ra_offset_arcsec": 0.154,
    "multi_sector_ra_offset_err_arcsec": 2.65,
    "multi_sector_ra_offset_sigma": 0.06,
    "multi_sector_dec_offset_arcsec": 2.06,
    "multi_sector_dec_offset_err_arcsec": 2.79,
    "multi_sector_dec_offset_sigma": 0.74,
    "multi_sector_offset_distance_arcsec": 2.07,
    "multi_sector_offset_distance_err_arcsec": 2.79,
    "multi_sector_offset_distance_sigma": 0.74
  }
}