{
  "fit_type": "eccentric_free_geometry",
  "period": 9.2224171,
  "t0": 2314.5211550001986,
  "rp_rs": 0.05494123268261367,
  "rp_rs_p16": 0.05405981031867829,
  "rp_rs_p84": 0.05563254252194389,
  "a_rs": 8.03024551748853,
  "a_rs_p16": 7.6824350479118175,
  "a_rs_p84": 8.459476217933373,
  "impact_parameter": 0.9618550101302805,
  "impact_parameter_p16": 0.8980599972847669,
  "impact_parameter_p84": 1.020366157092767,
  "eccentricity": 0.26078252887664427,
  "eccentricity_p16": 0.19488149460355456,
  "eccentricity_p84": 0.32688334684603976,
  "omega_deg": 91.66766649878275,
  "omega_deg_p16": 80.50398437478513,
  "omega_deg_p84": 103.15794349546618,
  "inclination_deg": 83.12065011266164,
  "depth_ppm": 3018.539048685096,
  "duration_hrs": 2.9336418874304724,
  "rp_earth": 15.540393689725924,
  "ar_prior": 7.689511792508893,
  "ar_prior_sigma": 0.5012674130738873,
  "ar_tension_sigma": 0.5405442011876103,
  "mcmc_acceptance": 0.3851133333333333,
  "mcmc_burnin": 1500,
  "mcmc_production": 3000
}