{
  "source": "Corrected 120s SPOC reference light curve; individual timing is SNR-limited",
  "period_days": 9.2224171,
  "t0_btjd": 2314.5211550001986,
  "depth_ppm": 3167.409949746321,
  "n_transits_fit": 16,
  "oc_rms_minutes": 2.0931968430708014,
  "mean_uncertainty_minutes": 4.802310517582902,
  "claim": "No reliable TTV detection claimed"
}